ShipToID,Latitude,Longitude,NumDeliveries,NumPlannedDeliveryDates,PeriodStart,PeriodEnd,TotalNetWeightKg,AvgDailyDemand,WeightInUOM
106145,14.4259328,121.026074,2,1,2023-05-16,2023-05-16,102.54,102.54,Kg
70017011,14.5765022,121.085296,6,1,2023-05-17,2023-05-17,322.068,322.068,Kg
70017030,14.65087107,121.1046172,1,1,2023-05-18,2023-05-18,0.588,0.588,Kg
70017039,14.59248731,121.0263236,1,1,2023-05-18,2023-05-18,31.364,31.364,Kg
70017068,14.61646338,121.0003123,1,1,2023-05-18,2023-05-18,3.6,3.6,Kg
70017084,14.62399369,121.0553598,1,1,2023-05-17,2023-05-17,1.384,1.384,Kg
70017089,14.70644244,121.0692568,1,1,2023-05-17,2023-05-17,11.37,11.37,Kg
70017102,14.58444262,121.1757258,1,1,2023-05-17,2023-05-17,15.476,15.476,Kg
70017116,14.67744353,121.0825134,1,1,2023-05-17,2023-05-17,3.92,3.92,Kg
70017124,14.70719287,120.9463142,1,1,2023-05-16,2023-05-16,11.7,11.7,Kg
70017127,14.46564966,121.0177827,1,1,2023-05-17,2023-05-17,10.976,10.976,Kg
70017131,14.58262771,121.0547967,1,1,2023-05-17,2023-05-17,10.566,10.566,Kg
70017148,14.61491856,121.0617636,1,1,2023-05-17,2023-05-17,0.248,0.248,Kg
70017168,14.5484264,121.0637142,1,1,2023-05-18,2023-05-18,1.88,1.88,Kg
70017177,14.60082726,120.9759003,1,1,2023-05-17,2023-05-17,0.124,0.124,Kg
70017185,14.7287482,121.1440489,1,1,2023-05-17,2023-05-17,12.6,12.6,Kg
70017194,14.62745309,121.0345231,1,1,2023-05-17,2023-05-17,8.132,8.132,Kg
70017203,14.57377505,121.0161974,1,1,2023-05-17,2023-05-17,0.422,0.422,Kg
70017222,14.56560657,121.0358869,1,1,2023-05-17,2023-05-17,3.03,3.03,Kg
70017245,14.75602344,121.0431592,1,1,2023-05-17,2023-05-17,18.328,18.328,Kg
70017248,14.62102266,121.1684666,1,1,2023-05-18,2023-05-18,0.35,0.35,Kg
70017263,14.58775938,121.1753616,1,1,2023-05-17,2023-05-17,19.132,19.132,Kg
70017289,14.06960255,121.3246927,1,1,2023-05-17,2023-05-17,0.518,0.518,Kg
70017292,14.39828524,120.976643,1,1,2023-05-18,2023-05-18,16.264,16.264,Kg
70017302,14.33971577,121.0838944,1,1,2023-04-26,2023-04-26,23.4,23.4,Kg
70017321,14.48663847,121.0273433,1,1,2023-05-17,2023-05-17,2.838,2.838,Kg
70017337,14.58908242,121.0690202,1,1,2023-05-17,2023-05-17,2.592,2.592,Kg
70017339,14.63593241,121.1012584,1,1,2023-05-18,2023-05-18,1.198,1.198,Kg
70017364,14.66977558,120.9705261,1,1,2023-05-18,2023-05-18,25.092,25.092,Kg
70017371,14.57842488,120.9870255,2,1,2023-05-18,2023-05-18,8.67,8.67,Kg
70017396,14.46192007,120.9918937,1,1,2023-05-18,2023-05-18,0.98,0.98,Kg
70017409,14.55456508,121.0474772,1,1,2023-05-15,2023-05-15,141.268,141.268,Kg
70022018,14.59149221,121.0602718,17,2,2023-05-16,2023-05-23,286.062,143.031,Kg
70022020,14.60931631,120.9720824,11,2,2023-05-16,2023-05-23,100.29,50.145,Kg
70022024,14.31956284,121.0975249,9,2,2023-05-16,2023-05-23,72.837,36.4185,Kg
70022025,14.67060211,121.0380785,8,2,2023-05-16,2023-05-23,78.106,39.053,Kg
70022027,14.65740175,120.9607857,9,2,2023-05-16,2023-05-23,105.033,52.5165,Kg
70022033,14.67546473,121.0453383,9,2,2023-05-16,2023-05-23,103.798,51.899,Kg
70022034,14.63512491,121.1022184,8,2,2023-05-16,2023-05-23,206.826,103.413,Kg
70022035,14.57620862,120.9827027,30,2,2023-05-16,2023-05-23,535.121,267.5605,Kg
70022037,14.73577621,121.0570108,11,2,2023-05-16,2023-05-23,355.206,177.603,Kg
70022038,14.62017168,121.0998751,13,2,2023-05-16,2023-05-23,253.666,126.833,Kg
70022040,14.29966657,120.9547268,11,2,2023-05-16,2023-05-23,327.502,163.751,Kg
70022041,14.31927371,121.0976239,8,2,2023-05-16,2023-05-23,190.219,95.1095,Kg
70022043,14.586767,121.1135257,9,2,2023-05-16,2023-05-23,226.108,113.054,Kg
70022045,14.6365202,121.0281086,7,2,2023-05-16,2023-05-23,93.864,46.932,Kg
70022046,14.50041128,121.0382561,13,2,2023-05-16,2023-05-23,245.494,122.747,Kg
70022047,14.6557083,120.9836967,8,2,2023-05-16,2023-05-23,123.292,61.646,Kg
70022050,14.30070586,120.9542531,14,2,2023-05-16,2023-05-23,258.095,129.0475,Kg
70022052,14.44624737,121.027458,10,2,2023-05-16,2023-05-23,151.022,75.511,Kg
70022053,14.73007715,121.1386981,14,2,2023-05-16,2023-05-23,345.116,172.558,Kg
70022054,14.34640931,121.0638508,14,2,2023-05-16,2023-05-23,268.353,134.1765,Kg
70022056,14.57954001,121.0458552,10,2,2023-05-16,2023-05-23,285.281,142.6405,Kg
70022064,14.23762644,121.0556396,13,2,2023-05-16,2023-05-23,258.69,129.345,Kg
70022065,14.58989849,121.0944946,11,2,2023-05-16,2023-05-23,399.884,199.942,Kg
70022066,14.64565313,121.0965151,3,2,2023-05-16,2023-05-23,52.58,26.29,Kg
70022072,14.41899236,121.0411032,10,2,2023-05-16,2023-05-23,63.133,31.5665,Kg
70022073,14.56675092,121.0130763,8,2,2023-05-16,2023-05-23,43.688,21.844,Kg
70022076,14.62015666,121.0545761,6,2,2023-05-16,2023-05-23,46.124,23.062,Kg
70022079,14.62037472,121.0508515,4,2,2023-05-16,2023-05-23,11.756,5.878,Kg
70022083,14.42268788,121.0302313,4,1,2023-05-23,2023-05-23,6.932,6.932,Kg
70022088,14.551207,121.0268341,7,2,2023-05-16,2023-05-23,54.696,27.348,Kg
70022089,14.56282596,121.0249119,8,2,2023-05-16,2023-05-23,77.744,38.872,Kg
70022090,14.58214225,121.054663,8,2,2023-05-16,2023-05-23,42.934,21.467,Kg
70022091,14.65281093,121.0744706,6,2,2023-05-16,2023-05-23,13.722,6.861,Kg
70022094,14.53652187,121.0188521,2,1,2023-05-23,2023-05-23,6.220000000000001,6.22,Kg
70022095,14.55321025,121.0193998,4,1,2023-05-23,2023-05-23,13.528,13.528,Kg
70022100,14.60006959,121.0694355,2,1,2023-05-23,2023-05-23,6.246,6.246,Kg
70022101,14.46231608,121.0248671,8,2,2023-05-16,2023-05-23,69.078,34.539,Kg
70022102,14.63596971,121.0352087,3,1,2023-05-23,2023-05-23,9.8,9.8,Kg
70022103,14.58121291,121.1757787,8,2,2023-05-16,2023-05-23,44.922,22.461,Kg
70022105,14.54727193,121.0355002,2,1,2023-05-23,2023-05-23,1.262,1.262,Kg
70022293,14.42111777,121.0364668,2,1,2023-05-22,2023-05-22,258.616,258.616,Kg
70022295,14.61690213,121.0924549,1,1,2023-05-22,2023-05-22,53.668,53.668,Kg
70022298,14.61690213,121.0924549,5,1,2023-05-18,2023-05-18,506.1049,506.1049,Kg
70022351,14.6274024,121.0662405,1,1,2023-05-22,2023-05-22,125.856,125.856,Kg
70022617,14.57345011,121.0577575,1,1,2023-05-19,2023-05-19,53.76,53.76,Kg
70022681,14.54964047,121.0549228,3,1,2023-05-22,2023-05-22,62.52,62.52,Kg
70023045,14.6348989,121.053535,1,1,2023-05-22,2023-05-22,168.024,168.024,Kg
70023050,14.59533533,121.0019371,2,1,2023-05-18,2023-05-18,107.99,107.99,Kg
70028054,14.66051542,121.0446219,1,1,2023-05-17,2023-05-17,3.316,3.316,Kg
70028170,14.56717644,121.0935938,12,2,2023-05-16,2023-05-23,802.926,401.463,Kg
70028192,14.42467537,121.0308123,1,1,2023-05-22,2023-05-22,8.352,8.352,Kg
70028216,14.61329592,121.0380611,20,2,2023-05-16,2023-05-23,398.03373,199.016865,Kg
70028699,14.61011423,121.0807087,17,2,2023-05-16,2023-05-23,237.406,118.703,Kg
70028821,14.21258646,120.9687734,8,2,2023-05-16,2023-05-23,212.47,106.235,Kg
70029281,14.60672037,121.0027791,5,2,2023-05-16,2023-05-23,19.376,9.688,Kg
70029944,14.6753871,121.0452308,5,2,2023-05-16,2023-05-23,96.056,48.028,Kg
70033212,14.60410927,121.1053641,11,2,2023-05-16,2023-05-23,142.774,71.387,Kg
70033237,14.59757949,121.0376684,1,1,2023-05-23,2023-05-23,1.704,1.704,Kg
70033756,14.63832128,121.0005394,8,2,2023-05-16,2023-05-23,146.36,73.18,Kg
70034345,14.25086827,121.0645332,7,2,2023-05-16,2023-05-23,31.454,15.727,Kg
70042181,14.5622156,121.0163027,4,2,2023-05-16,2023-05-23,11.368,5.684,Kg
70042234,14.24241765,121.1306169,12,2,2023-05-16,2023-05-23,240.448,120.224,Kg
70042506,14.3762314,120.9387059,7,2,2023-05-16,2023-05-23,22.196,11.098,Kg
70043047,14.49858858,121.0485328,1,1,2023-05-16,2023-05-16,0.568,0.568,Kg
70043214,14.66881038,120.9654771,14,2,2023-05-16,2023-05-23,256.966,128.483,Kg
70043285,14.54752546,121.0348389,5,2,2023-05-16,2023-05-23,8.58,4.29,Kg
70044218,14.68676838,120.9956699,11,2,2023-05-16,2023-05-23,223.692,111.846,Kg
70080274,14.27625533,121.0829533,1,1,2023-05-18,2023-05-18,6.42,6.42,Kg
70080897,14.61771834,121.0564955,4,2,2023-05-16,2023-05-23,49.284,24.642,Kg
70081744,14.54077245,120.9896223,6,2,2023-05-16,2023-05-23,94.222,47.111,Kg
70082068,14.53254428,121.0508352,2,2,2023-05-15,2023-05-16,7.826,3.913,Kg
70082205,14.52419775,121.0137289,3,1,2023-05-22,2023-05-22,28.224,28.224,Kg
70083627,14.44209754,120.9976047,13,2,2023-05-16,2023-05-23,211.083,105.5415,Kg
70083918,14.55228655,121.0489848,3,1,2023-05-23,2023-05-23,19.742,19.742,Kg
70084113,14.37126596,120.9387961,8,1,2023-05-23,2023-05-23,321.572,321.572,Kg
70084115,14.23403358,121.1074794,1,1,2023-05-16,2023-05-16,14.208,14.208,Kg
70084967,14.73428978,121.0674211,1,1,2023-05-16,2023-05-16,3.552,3.552,Kg
70084980,14.43745378,121.0053221,1,1,2023-05-16,2023-05-16,6.912,6.912,Kg
70085373,14.5894777,121.0368775,3,1,2023-05-22,2023-05-22,9.684,9.684,Kg
70085997,14.41288654,120.940825,5,1,2023-05-23,2023-05-23,132.478,132.478,Kg
70086617,14.6241289,121.1199861,1,1,2023-05-23,2023-05-23,0.918,0.918,Kg
70087916,14.61448376,120.983582,1,1,2023-05-18,2023-05-18,0.882,0.882,Kg
70089530,14.68485444,121.0771388,11,2,2023-05-16,2023-05-23,163.983,81.9915,Kg
70089700,14.67659274,121.0820679,10,2,2023-05-16,2023-05-23,36.07,18.035,Kg
70089704,14.34792154,121.0652736,6,2,2023-05-15,2023-05-23,23.26,11.63,Kg
70089852,14.44582951,121.0273518,2,1,2023-05-16,2023-05-16,7.16,7.16,Kg
70091848,14.5764481,121.0630026,1,1,2023-05-18,2023-05-18,16.272,16.272,Kg
70091857,14.44189908,120.9978505,1,1,2023-05-16,2023-05-16,0.948,0.948,Kg
70126471,14.57824217,121.1864365,4,2,2023-05-16,2023-05-23,17.712,8.856,Kg
70127101,14.75686218,121.0536309,1,1,2023-05-17,2023-05-17,9.256,9.256,Kg
70127620,14.63105884,120.9980679,1,1,2023-05-16,2023-05-16,2.32,2.32,Kg
70129224,14.42897057,120.9643837,3,1,2023-05-16,2023-05-16,10.712,10.712,Kg
70130334,14.55570575,121.0542744,10,3,2023-05-16,2023-05-23,68.492,22.830667,Kg
70131370,14.58693686,121.0800575,2,2,2023-05-16,2023-05-22,7.875999999999999,3.938,Kg
70133191,14.69590439,121.0675985,18,2,2023-05-16,2023-05-23,437.868,218.934,Kg
70133698,14.3958543,120.8646265,13,2,2023-05-16,2023-05-23,269.364,134.682,Kg
70133943,14.60543488,121.092117,2,1,2023-05-23,2023-05-23,7.808,7.808,Kg
70135136,14.69652034,121.12025,4,1,2023-05-23,2023-05-23,13.368,13.368,Kg
70135137,14.56050046,121.0839042,3,1,2023-05-23,2023-05-23,15.752,15.752,Kg
70138300,14.63633223,121.073492,3,1,2023-05-16,2023-05-16,11.432,11.432,Kg
70152178,14.5806365,121.0637841,1,1,2023-05-16,2023-05-16,4.272,4.272,Kg
70154406,14.662849,121.0433089,1,1,2023-05-16,2023-05-16,2.192,2.192,Kg
70155831,14.6218008,121.0538362,3,1,2023-05-16,2023-05-16,14.072,14.072,Kg
70155899,14.41183851,121.0460726,8,2,2023-05-16,2023-05-23,26.605,13.3025,Kg
70156300,14.70504927,121.0822921,10,2,2023-05-16,2023-05-23,73.571,36.7855,Kg
70156695,14.68386159,121.1051902,2,2,2023-05-16,2023-05-23,4.0280000000000005,2.014,Kg
70241307,14.56468184,121.0758606,4,1,2023-05-16,2023-05-16,30.032,30.032,Kg
70242864,14.61831048,121.0077278,3,2,2023-05-16,2023-05-23,12.72,6.36,Kg
70243242,14.60106946,121.0537673,2,2,2023-05-16,2023-05-23,0.052,0.026,Kg
70244502,14.54157801,121.01839,4,2,2023-05-16,2023-05-23,22.964,11.482,Kg
70244504,14.42857608,120.96443,8,2,2023-05-16,2023-05-23,228.172,114.086,Kg
70245228,14.11613998,120.961703,1,1,2023-05-22,2023-05-22,8.976,8.976,Kg
70248164,14.37547866,121.0118728,1,1,2023-05-18,2023-05-18,3.252,3.252,Kg
70249050,14.6401853,121.0230694,1,1,2023-05-17,2023-05-17,2.084,2.084,Kg
70277887,14.33218192,121.0496237,11,2,2023-05-16,2023-05-23,372.121,186.0605,Kg
70277975,14.6386655,121.0309716,3,1,2023-05-16,2023-05-16,15.464,15.464,Kg
70277977,14.60997776,121.078195,2,1,2023-05-16,2023-05-16,10.56,10.56,Kg
70278544,14.58173951,121.0125586,1,1,2023-05-18,2023-05-18,16.48,16.48,Kg
70278581,14.61695579,120.9705103,1,1,2023-05-17,2023-05-17,3.768,3.768,Kg
70282807,14.65485028,121.0015592,11,2,2023-05-16,2023-05-23,168.64033,84.320165,Kg
70283687,14.17850398,121.2421684,1,1,2023-05-17,2023-05-17,28.88,28.88,Kg
70284243,14.64331356,121.0168426,1,1,2023-05-16,2023-05-16,0.072,0.072,Kg
70287030,14.63685354,121.0615563,2,2,2023-05-16,2023-05-23,8.864,4.432,Kg
70288086,14.48021921,120.8988292,1,1,2023-05-17,2023-05-17,3.6,3.6,Kg
70289541,14.5821732,121.054616,4,1,2023-05-23,2023-05-23,9.464,9.464,Kg
70290163,14.56281865,121.0250161,1,1,2023-05-16,2023-05-16,4.272,4.272,Kg
70337458,14.39800083,120.9051463,7,2,2023-05-16,2023-05-23,64.202,32.101,Kg
70352881,14.5728895,121.0178039,8,3,2023-05-16,2023-05-23,45.558,15.186,Kg
70354596,14.60505303,121.0227754,1,1,2023-05-18,2023-05-18,23.244,23.244,Kg
70360301,14.61908661,121.0932974,2,1,2023-05-22,2023-05-22,15.192,15.192,Kg
70360769,14.75789718,121.045307,2,1,2023-05-16,2023-05-16,7.16,7.16,Kg
70374294,14.53596221,120.9881999,6,2,2023-05-16,2023-05-23,22.98,11.49,Kg
70386367,14.62894028,121.1233611,3,1,2023-05-16,2023-05-16,15.248,15.248,Kg
70397353,14.54825605,121.0032787,1,1,2023-05-23,2023-05-23,0.144,0.144,Kg
70400118,14.40699245,120.955763,1,1,2023-05-17,2023-05-17,0.438,0.438,Kg
70402213,14.44725247,121.0455116,4,2,2023-05-16,2023-05-23,10.492,5.246,Kg
70403645,14.3999608,120.8569322,2,1,2023-05-16,2023-05-16,7.16,7.16,Kg
70409000,14.35232201,121.0628757,7,3,2023-05-16,2023-05-23,251.852,83.950667,Kg
70414082,14.66465844,121.0826753,6,2,2023-05-16,2023-05-23,60.918000000000006,30.459,Kg
70417236,14.57595453,121.0409086,2,1,2023-05-17,2023-05-17,4.5920000000000005,4.592,Kg
70422309,14.72311017,121.0414843,1,1,2023-05-16,2023-05-16,2.192,2.192,Kg
70423025,14.74756328,120.996007,8,2,2023-05-16,2023-05-23,226.162,113.081,Kg
70423076,14.768795,121.0807352,6,2,2023-05-16,2023-05-23,83.02,41.51,Kg
70425550,14.6535015,121.1031305,5,2,2023-05-16,2023-05-23,25.156,12.578,Kg
70429235,14.5588256,121.009512,2,2,2023-05-16,2023-05-23,7.2,3.6,Kg
70432230,14.3771615,120.9391884,1,1,2023-04-26,2023-04-26,18.704,18.704,Kg
70433232,14.62194799,121.0521804,7,2,2023-05-16,2023-05-23,27.922600000000003,13.9613,Kg
70434104,14.58116485,121.0292151,5,2,2023-05-16,2023-05-23,29.944000000000003,14.972,Kg
70434105,14.57581728,121.1209124,2,1,2023-05-16,2023-05-16,6.464,6.464,Kg
70434106,14.40658343,120.9570537,3,1,2023-05-16,2023-05-16,15.968,15.968,Kg
70434107,14.43454477,121.0422505,3,2,2023-05-16,2023-05-23,12.416,6.208,Kg
70434108,14.34332636,121.0385747,3,2,2023-05-16,2023-05-23,12.92,6.46,Kg
70434109,14.64985,121.1169922,1,1,2023-05-23,2023-05-23,6.036,6.036,Kg
70434135,14.30769995,121.0829329,1,1,2023-05-22,2023-05-22,3.022,3.022,Kg
70464728,14.56827181,121.0858796,4,2,2023-05-16,2023-05-23,16.4,8.2,Kg
70464729,14.57223517,121.0829667,3,1,2023-05-16,2023-05-16,18.608,18.608,Kg
70464730,14.42533174,121.0013904,2,1,2023-05-16,2023-05-16,11.664,11.664,Kg
70466505,14.70595446,121.0693634,3,2,2023-05-16,2023-05-23,22.856,11.428,Kg
70466527,14.77336285,121.0541297,4,1,2023-05-16,2023-05-16,17.408,17.408,Kg
70466528,14.77330086,121.0508158,3,2,2023-05-16,2023-05-23,16.048,8.024,Kg
70476441,14.53378874,121.048949,2,1,2023-05-23,2023-05-23,1.776,1.776,Kg
70476443,14.73556175,121.0680122,2,2,2023-05-16,2023-05-23,10.064,5.032,Kg
70482684,14.40096984,120.9041352,2,2,2023-05-16,2023-05-23,13.616,6.808,Kg
70482685,14.53786337,121.0007975,3,2,2023-05-16,2023-05-23,23.06,11.53,Kg
70486378,14.52299723,121.2623366,1,1,2023-05-16,2023-05-16,2.192,2.192,Kg
70493562,14.65087107,121.1046172,1,1,2023-05-18,2023-05-18,12.632,12.632,Kg
70522020,14.38840198,120.9775643,1,1,2023-05-18,2023-05-18,0.594,0.594,Kg
70532300,14.6402839,121.0744741,1,1,2023-05-18,2023-05-18,5.514,5.514,Kg
70534327,14.69984583,121.0661296,2,2,2023-05-16,2023-05-23,3.696,1.848,Kg
70534450,14.48705669,121.0277067,2,1,2023-05-16,2023-05-16,29.84,29.84,Kg
70537692,14.5048485,121.1690264,3,2,2023-05-16,2023-05-23,15.72,7.86,Kg
70538015,14.43168393,120.9899312,3,2,2023-05-16,2023-05-23,8.591999999999999,4.296,Kg
70538598,14.68737288,120.9839675,1,1,2023-05-23,2023-05-23,6.036,6.036,Kg
70538599,14.69245645,120.9699086,1,1,2023-05-16,2023-05-16,3.552,3.552,Kg
70538713,14.32155446,120.7720985,1,1,2023-05-16,2023-05-16,2.192,2.192,Kg
70538780,14.4035988,120.9258788,6,2,2023-05-16,2023-05-23,123.24,61.62,Kg
70540771,14.75789718,121.045307,3,1,2023-05-16,2023-05-16,10.712,10.712,Kg
70541283,14.6103558,121.0307369,3,2,2023-05-16,2023-05-23,13.748,6.874,Kg
70549572,14.55282143,121.0974699,1,1,2023-05-16,2023-05-16,2.192,2.192,Kg
70553966,14.48275394,121.0359616,2,1,2023-05-18,2023-05-18,31.44,31.44,Kg
70554155,14.66975945,121.0531057,5,2,2023-05-16,2023-05-23,12.2,6.1,Kg
70554156,14.5430593,121.064949,1,1,2023-05-16,2023-05-16,6.912,6.912,Kg
70566041,14.55796783,121.0252162,2,2,2023-05-16,2023-05-23,7.804,3.902,Kg
70566653,14.69433093,121.0432508,1,1,2023-05-16,2023-05-16,3.872,3.872,Kg
70566654,14.61509795,121.0470414,3,1,2023-05-16,2023-05-16,14.072,14.072,Kg
70566655,14.21373338,120.9680627,2,1,2023-05-16,2023-05-16,8.864,8.864,Kg
70571502,14.32379709,121.088196,2,1,2023-05-16,2023-05-16,4.128,4.128,Kg
70575485,14.66590191,120.9447053,3,1,2023-05-16,2023-05-16,11.04,11.04,Kg
70578874,14.7562074,121.0438902,4,2,2023-05-16,2023-05-23,40.168,20.084,Kg
70579668,14.71981807,121.1390478,1,1,2023-05-16,2023-05-16,2.192,2.192,Kg
70584496,14.61440196,121.0374669,3,2,2023-05-16,2023-05-23,9.48,4.74,Kg
70586841,14.67274813,121.0612642,4,2,2023-05-16,2023-05-23,13.4,6.7,Kg
70017000,14.50783806,121.0333018,1,1,2023-01-20,2023-01-20,4.586,4.586,Kg
70017437,14.60213586,121.0365402,3,3,2023-01-12,2023-01-16,65.27199999999999,21.757333,Kg
70017458,14.56007693,121.0156044,3,1,2023-01-13,2023-01-13,6.513,6.513,Kg
70017459,14.55488473,121.0133299,3,2,2023-01-13,2023-01-16,0.642,0.321,Kg
70017470,14.56348294,121.0174927,5,3,2023-01-12,2023-01-17,20.487,6.829,Kg
70017496,14.5558328,120.9954921,2,2,2023-01-13,2023-01-18,1.439,0.7195,Kg
70017505,14.55467704,121.0145315,9,2,2023-01-12,2023-01-13,279.377,139.6885,Kg
70017526,14.57731323,121.0500934,1,1,2023-01-13,2023-01-13,0.246,0.246,Kg
70017539,14.59052169,121.0690191,10,3,2023-01-12,2023-01-16,38.773,12.924333,Kg
70017600,14.63846718,121.0942483,4,1,2023-01-11,2023-01-11,9.396,9.396,Kg
70018354,14.53544006,121.0053233,1,1,2023-01-13,2023-01-13,0.467,0.467,Kg
70018486,14.62798652,121.068201,2,1,2023-01-13,2023-01-13,29.635,29.635,Kg
70019261,14.56399544,121.0653501,1,1,2023-01-10,2023-01-10,6.672,6.672,Kg
70019315,14.56515049,121.0459705,11,2,2023-01-13,2023-01-20,30026.572,15013.286,Kg
70019322,14.6325787,121.096125,12,2,2023-01-16,2023-01-23,43.053,21.5265,Kg
70019375,14.63224007,121.0938497,11,2,2023-01-16,2023-01-23,12.082,6.041,Kg
70019381,14.62541458,121.1204145,8,2,2023-01-16,2023-01-23,24.351,12.1755,Kg
70019384,14.57363942,121.0579284,4,2,2023-01-13,2023-01-20,3.944,1.972,Kg
70019391,14.57679518,121.0349877,8,2,2023-01-13,2023-01-20,27.147,13.5735,Kg
70019392,14.54642851,121.0537137,10,2,2023-01-13,2023-01-20,63.481,31.7405,Kg
70019395,14.5510814,121.0133733,1,1,2023-01-13,2023-01-13,0.011,0.011,Kg
70019410,14.63290444,121.0951864,11,2,2023-01-16,2023-01-23,27.037,13.5185,Kg
70019425,14.57923238,121.1386665,10,2,2023-01-16,2023-01-23,43.981,21.9905,Kg
70019426,14.52968055,121.1542452,10,2,2023-01-16,2023-01-23,47.218,23.609,Kg
70019459,14.40432571,120.9407744,11,1,2023-01-12,2023-01-12,19.014,19.014,Kg
70019475,14.56518703,121.1398343,16,2,2023-01-16,2023-01-23,100.586,50.293,Kg
70019476,14.63174178,121.0961807,11,2,2023-01-16,2023-01-23,21.883,10.9415,Kg
70019480,14.40886541,120.8572967,11,1,2023-01-12,2023-01-12,26.595,26.595,Kg
70019482,14.62292153,121.1106243,15,2,2023-01-16,2023-01-23,108.019,54.0095,Kg
70019513,14.5931632,121.0298389,1,1,2023-01-13,2023-01-13,9.077,9.077,Kg
70019527,14.20674401,121.0227709,11,1,2023-01-12,2023-01-12,33.956,33.956,Kg
70019549,14.61130728,121.0916411,9,2,2023-01-13,2023-01-20,40.922,20.461,Kg
70019554,14.63024693,121.1201218,14,2,2023-01-16,2023-01-23,38.55,19.275,Kg
70019564,14.55068748,121.0451395,1,1,2023-01-13,2023-01-13,0.058,0.058,Kg
70020103,14.55107591,121.078572,2,1,2023-01-13,2023-01-13,1.908,1.908,Kg
70029285,14.40933622,120.9408269,11,1,2023-01-12,2023-01-12,21.422,21.422,Kg
70030492,14.57633674,121.1773259,11,2,2023-01-16,2023-01-23,54.805,27.4025,Kg
70030499,14.72984441,121.1378533,11,2,2023-01-16,2023-01-23,53.954,26.977,Kg
70030842,14.53399793,121.0487802,4,1,2023-01-13,2023-01-13,14.969,14.969,Kg
70031292,14.52121107,121.0656736,14,1,2023-01-13,2023-01-13,114.604,114.604,Kg
70031293,14.58425293,121.0603261,2,1,2023-01-13,2023-01-13,0.3389999999999999,0.339,Kg
70034004,14.55792821,121.0831835,9,1,2023-01-13,2023-01-13,41.316,41.316,Kg
70042197,14.58394216,121.123774,13,2,2023-01-16,2023-01-23,30.512,15.256,Kg
70043250,14.42278761,120.9413851,11,1,2023-01-12,2023-01-12,25.911,25.911,Kg
70043420,14.56539821,121.0276651,12,2,2023-01-13,2023-01-20,35.88699999999999,17.9435,Kg
70081032,14.50834342,121.0507623,9,2,2023-01-13,2023-01-20,68.728,34.364,Kg
70082414,14.51661422,121.019613,60,1,2023-01-13,2023-01-13,85.258,85.258,Kg
70083842,14.549463,121.0272289,12,2,2023-01-13,2023-01-20,54.272,27.136,Kg
70084418,14.57964031,121.1380988,14,2,2023-01-16,2023-01-23,114.368,57.184,Kg
70084927,14.60224359,121.0470067,4,1,2023-01-13,2023-01-13,2.312,2.312,Kg
70084983,14.53067757,121.154252,14,2,2023-01-16,2023-01-23,57.387,28.6935,Kg
70126798,14.58946963,121.0367324,1,1,2023-01-20,2023-01-20,0.054,0.054,Kg
70130674,14.62594348,121.0844611,16,2,2023-01-16,2023-01-23,95.843,47.9215,Kg
70130675,14.5738302,121.0487805,8,2,2023-01-13,2023-01-20,50.011,25.0055,Kg
70132480,14.58251015,121.0723445,4,1,2023-01-20,2023-01-20,2.92,2.92,Kg
70132664,14.39845245,120.9396642,3,1,2023-01-12,2023-01-12,1.846,1.846,Kg
70132665,14.47642017,121.1959103,12,2,2023-01-16,2023-01-23,17.4,8.7,Kg
70133553,14.54511586,121.0667741,10,2,2023-01-13,2023-01-20,95.849,47.9245,Kg
70138438,14.60442645,121.1060491,17,2,2023-01-16,2023-01-23,115.44,57.72,Kg
70152945,14.55228764,121.0138355,4,2,2023-01-13,2023-01-20,4.061,2.0305,Kg
70155196,14.48644031,121.0436435,14,1,2023-01-13,2023-01-13,90.992,90.992,Kg
70155987,14.55681789,121.0541459,1,1,2023-01-13,2023-01-13,19.84,19.84,Kg
70224396,14.58809569,121.1055055,1,1,2023-01-20,2023-01-20,0.4,0.4,Kg
70224398,14.58849938,121.1050771,1,1,2023-01-20,2023-01-20,0.2,0.2,Kg
70238985,14.58727604,121.0458805,7,2,2023-01-13,2023-01-20,25.011,12.5055,Kg
70244565,14.56191922,121.0762425,7,1,2023-01-13,2023-01-13,10.386,10.386,Kg
70246377,14.57956464,121.1372932,11,2,2023-01-16,2023-01-23,31.497,15.7485,Kg
70248476,14.4951024,121.2909781,11,2,2023-01-16,2023-01-23,38.168,19.084,Kg
70286419,14.57035576,121.1786399,13,2,2023-01-16,2023-01-23,92.322,46.161,Kg
70288587,14.57178191,121.1785415,9,2,2023-01-16,2023-01-23,31.759000000000004,15.8795,Kg
70337217,14.62500319,121.133485,13,2,2023-01-16,2023-01-23,44.299,22.1495,Kg
70337705,14.57645321,121.1768653,9,2,2023-01-16,2023-01-23,8.966,4.483,Kg
70343296,14.5622009,121.0282218,9,2,2023-01-13,2023-01-20,16.8,8.4,Kg
70347238,14.58424845,121.123968,13,2,2023-01-16,2023-01-23,52.77,26.385,Kg
70351598,14.5452904,121.0162849,10,2,2023-01-13,2023-01-20,31.435,15.7175,Kg
70361410,14.60243889,121.0498676,12,2,2023-01-16,2023-01-23,57.764,28.882,Kg
70362005,14.64198544,121.122175,9,2,2023-01-16,2023-01-23,20.529,10.2645,Kg
70362055,14.5910118,121.0328409,2,1,2023-01-11,2023-01-11,0.464,0.464,Kg
70373907,14.57385178,121.0192672,10,2,2023-01-13,2023-01-20,17.985,8.9925,Kg
70374983,14.6486277,121.0924717,10,2,2023-01-16,2023-01-23,17.092,8.546,Kg
70375866,14.62586893,121.1247822,11,2,2023-01-16,2023-01-23,39.89,19.945,Kg
70382544,14.41593786,120.8563922,9,1,2023-01-12,2023-01-12,11.683,11.683,Kg
70382797,14.54644879,121.064459,10,2,2023-01-13,2023-01-20,13.834,6.917,Kg
70390788,14.59038768,121.0954401,9,1,2023-01-13,2023-01-13,34.296,34.296,Kg
70390791,14.60420446,121.1060634,1,1,2023-01-16,2023-01-16,1.266,1.266,Kg
70390799,14.57404122,121.0478496,7,1,2023-01-13,2023-01-13,11.831,11.831,Kg
70395155,14.55540859,121.055598,46,1,2023-01-13,2023-01-13,103.343,103.343,Kg
70396492,14.64534642,121.0963252,13,2,2023-01-16,2023-01-23,48.056,24.028,Kg
70398370,14.58594333,121.0483362,7,2,2023-01-13,2023-01-20,13.753,6.8765,Kg
70398392,14.58458957,121.0759822,11,2,2023-01-13,2023-01-20,38.31,19.155,Kg
70400253,14.55267566,121.0520374,10,2,2023-01-13,2023-01-20,34.307,17.1535,Kg
70401488,14.55372651,121.0259834,10,2,2023-01-13,2023-01-20,32.432,16.216,Kg
70408061,14.54579924,121.0522527,7,1,2023-01-13,2023-01-13,23.834,23.834,Kg
70408272,14.61711251,121.1349582,11,2,2023-01-16,2023-01-23,33.673,16.8365,Kg
70408277,14.48186005,121.1872024,8,2,2023-01-16,2023-01-23,39.237,19.6185,Kg
70408280,14.56712,121.01141,7,2,2023-01-06,2023-01-13,9.827,4.9135,Kg
70412170,14.62271103,121.1022785,11,2,2023-01-16,2023-01-23,22.478,11.239,Kg
70423734,14.53985438,121.0120751,2,1,2023-01-20,2023-01-20,1.401,1.401,Kg
70428043,14.51345276,121.0476718,8,2,2023-01-13,2023-01-20,98.161,49.0805,Kg
70430210,14.52807804,121.0740454,2,1,2023-01-13,2023-01-13,6.036,6.036,Kg
70433908,14.5485442,121.0475215,2,1,2023-01-13,2023-01-13,27.317,27.317,Kg
70435202,14.54964538,121.0267766,15,2,2023-01-13,2023-01-20,33.973,16.9865,Kg
70450886,14.73188646,121.1441889,11,2,2023-01-16,2023-01-23,31.388,15.694,Kg
70464173,14.52859003,121.0415683,1,1,2023-01-17,2023-01-17,0.144,0.144,Kg
70464520,14.56309,121.01478,8,2,2023-01-13,2023-01-20,12.458,6.229,Kg
70465560,14.39942,120.9045,10,1,2023-01-12,2023-01-12,36.552,36.552,Kg
70484079,14.6516115,121.101893,11,2,2023-01-16,2023-01-23,27.572,13.786,Kg
70490240,14.56703057,121.011453,9,2,2023-01-13,2023-01-20,10.829,5.4145,Kg
70494785,14.61011767,121.0921029,8,2,2023-01-13,2023-01-20,24.726,12.363,Kg
70494786,14.58607145,121.0882271,9,2,2023-01-13,2023-01-20,40.63,20.315,Kg
70494791,14.57297813,121.0597505,9,2,2023-01-13,2023-01-20,19.508,9.754,Kg
70521396,14.69709232,121.1221925,11,2,2023-01-09,2023-01-16,45.253,22.6265,Kg
70521405,14.48093231,121.0459837,10,1,2023-01-13,2023-01-13,50.277,50.277,Kg
70525152,14.58032397,121.1731914,15,2,2023-01-09,2023-01-16,87.919,43.9595,Kg
70535019,14.57762544,121.0529607,6,1,2023-01-13,2023-01-13,11.384,11.384,Kg
70544149,14.37686287,120.9354379,9,1,2023-01-12,2023-01-12,34.598,34.598,Kg
70548634,14.58507461,121.1756311,9,2,2023-01-09,2023-01-16,48.924,24.462,Kg
70556250,14.57530545,121.041931,6,1,2023-01-13,2023-01-13,18.588,18.588,Kg
70584255,14.55939,121.00877,2,2,2023-01-06,2023-01-13,0.328,0.164,Kg
70006114,14.56071823,121.1362998,1,1,2023-03-17,2023-03-17,0.000165,0.000165,Kg
70006157,14.56597504,121.1396511,1,1,2023-03-17,2023-03-17,0.001,0.001,Kg
70006164,14.62578141,121.0841682,1,1,2023-03-17,2023-03-17,0.000169,0.000169,Kg
70006228,14.62519601,121.1200241,1,1,2023-03-17,2023-03-17,0.00019,0.00019,Kg
70006242,14.62693374,121.0837697,1,1,2023-03-17,2023-03-17,0.00019,0.00019,Kg
70019302,14.44506152,120.9505714,1,1,2023-03-16,2023-03-16,0.062,0.062,Kg
70019304,14.73490177,121.0590176,1,1,2023-03-16,2023-03-16,0.139,0.139,Kg
70019305,14.7340634,121.059044,1,1,2023-03-16,2023-03-16,0.201,0.201,Kg
70019306,14.21355424,120.967413,1,1,2023-03-16,2023-03-16,0.884,0.884,Kg
70019307,14.41557,121.04211,1,1,2023-03-16,2023-03-16,0.0002,0.0002,Kg
70019313,14.65679472,121.0306951,1,1,2023-03-16,2023-03-16,0.345,0.345,Kg
70019327,14.72212031,121.0412174,1,1,2023-03-16,2023-03-16,0.028,0.028,Kg
70019328,14.48366439,120.9935976,2,1,2023-03-17,2023-03-17,0.104,0.104,Kg
70019399,14.30096992,120.9550701,2,1,2023-03-16,2023-03-16,0.124,0.124,Kg
70019407,14.38020443,120.9945159,1,1,2023-03-16,2023-03-16,0.66,0.66,Kg
70019414,14.53511138,121.0056403,1,1,2023-03-16,2023-03-16,0.401,0.401,Kg
70019420,14.43633366,120.9685727,2,1,2023-03-16,2023-03-16,0.746,0.746,Kg
70019429,14.29062317,120.9074999,2,1,2023-03-16,2023-03-16,0.522,0.522,Kg
70019455,14.28932569,120.9783798,2,1,2023-03-16,2023-03-16,0.1,0.1,Kg
70019470,14.623107,121.05637,1,1,2023-03-16,2023-03-16,0.05,0.05,Kg
70019475,14.56518703,121.1398343,1,1,2023-03-27,2023-03-27,0.05,0.05,Kg
70019480,14.40886541,120.8572967,1,1,2023-03-16,2023-03-16,0.05,0.05,Kg
70019482,14.62292153,121.1106243,1,1,2023-03-20,2023-03-20,0.42,0.42,Kg
70019495,14.60935374,121.0793339,1,1,2023-03-16,2023-03-16,0.45,0.45,Kg
70019508,14.55081362,120.9970158,1,1,2023-03-16,2023-03-16,0.027,0.027,Kg
70019519,14.6190285,121.0557164,2,1,2023-03-16,2023-03-16,0.7350000000000001,0.735,Kg
70019525,14.63580298,121.0584858,1,1,2023-03-16,2023-03-16,0.312,0.312,Kg
70019529,14.72188332,121.0364648,1,1,2023-03-16,2023-03-16,0.11,0.11,Kg
70019539,14.70823569,121.0385887,1,1,2023-03-16,2023-03-16,0.0002,0.0002,Kg
70019576,14.6558294,121.0301526,1,1,2023-03-16,2023-03-16,0.081,0.081,Kg
70029798,14.51492235,121.2392129,1,1,2023-03-16,2023-03-16,0.05,0.05,Kg
70030492,14.57633674,121.1773259,1,1,2023-03-27,2023-03-27,0.05,0.05,Kg
70030496,14.44161133,120.9026728,1,1,2023-03-16,2023-03-16,0.139,0.139,Kg
70030503,14.5758536,121.176776,1,1,2023-03-17,2023-03-17,0.000165,0.000165,Kg
70030506,14.72982425,121.1389407,1,1,2023-03-17,2023-03-17,0.00019,0.00019,Kg
70030840,14.65755546,121.0205209,1,1,2023-03-16,2023-03-16,0.05,0.05,Kg
70033204,14.2128274,120.9662305,1,1,2023-03-16,2023-03-16,0.05,0.05,Kg
70033231,14.59703661,120.9949321,1,1,2023-03-16,2023-03-16,0.0002,0.0002,Kg
70034005,14.41333,120.94186,2,1,2023-03-16,2023-03-16,0.224,0.224,Kg
70042874,14.45744608,121.0338098,2,1,2023-03-17,2023-03-17,0.539,0.539,Kg
70043035,14.2069937,121.0207561,1,1,2023-03-16,2023-03-16,0.081,0.081,Kg
70081671,14.61889914,121.0005762,1,1,2023-03-16,2023-03-16,0.05,0.05,Kg
70083097,14.10203083,120.9187303,1,1,2023-03-16,2023-03-16,0.312,0.312,Kg
70084418,14.57964031,121.1380988,1,1,2023-03-27,2023-03-27,0.062,0.062,Kg
70084983,14.53067757,121.154252,1,1,2023-03-27,2023-03-27,0.05,0.05,Kg
70085609,14.59528003,121.1725726,1,1,2023-03-17,2023-03-17,0.001,0.001,Kg
70085612,14.53103429,121.1545164,1,1,2023-03-17,2023-03-17,0.00019,0.00019,Kg
70130197,14.28162054,120.8707004,1,1,2023-03-16,2023-03-16,0.027,0.027,Kg
70130674,14.62594348,121.0844611,1,1,2023-03-20,2023-03-20,0.84,0.84,Kg
70131040,14.68003131,121.1140468,1,1,2023-03-17,2023-03-17,0.000169,0.000169,Kg
70132663,14.68016142,121.1139175,1,1,2023-03-27,2023-03-27,0.062,0.062,Kg
70132828,14.49499509,121.2916349,1,1,2023-03-17,2023-03-17,0.00019,0.00019,Kg
70133556,14.6496004,121.0752681,1,1,2023-03-16,2023-03-16,0.2,0.2,Kg
70137842,14.48588427,121.0415858,1,1,2023-03-17,2023-03-17,0.05,0.05,Kg
70138238,14.32312317,120.9615984,2,1,2023-03-20,2023-03-20,0.036,0.036,Kg
70153755,14.54929684,121.0269714,1,1,2023-03-17,2023-03-17,0.000165,0.000165,Kg
70155195,14.41771227,121.0400636,1,1,2023-03-16,2023-03-16,0.062,0.062,Kg
70155196,14.48644031,121.0436435,1,1,2023-03-17,2023-03-17,0.1,0.1,Kg
70155782,14.5213587,121.0165641,2,1,2023-03-16,2023-03-16,0.4569999999999999,0.457,Kg
70157031,14.63251599,121.0743635,1,1,2023-03-16,2023-03-16,0.05,0.05,Kg
70225154,14.45171668,121.0248915,1,1,2023-03-17,2023-03-17,0.05,0.05,Kg
70225158,14.28529,120.86662,1,1,2023-03-16,2023-03-16,0.25,0.25,Kg
70238808,14.46144,120.99418,1,1,2023-03-16,2023-03-16,0.58,0.58,Kg
70247437,14.62481106,121.133777,1,1,2023-03-17,2023-03-17,0.000165,0.000165,Kg
70248511,14.17074406,120.9218963,1,1,2023-03-16,2023-03-16,0.112,0.112,Kg
70284041,14.57600805,121.1768897,1,1,2023-03-17,2023-03-17,0.000453,0.000453,Kg
70286191,14.66640692,121.0427741,1,1,2023-03-16,2023-03-16,0.427,0.427,Kg
70337656,14.64029056,121.0356843,1,1,2023-03-16,2023-03-16,0.26,0.26,Kg
70343297,14.40961641,120.9246224,1,1,2023-03-16,2023-03-16,0.062,0.062,Kg
70343299,14.65173267,121.0363951,1,1,2023-03-16,2023-03-16,0.2,0.2,Kg
70351585,14.65050846,121.0744776,1,1,2023-03-16,2023-03-16,0.05,0.05,Kg
70390789,14.3857457,120.9783547,1,1,2023-03-16,2023-03-16,0.05,0.05,Kg
70391025,14.41926403,121.0485776,1,1,2023-03-16,2023-03-16,0.05,0.05,Kg
70391033,14.68459369,121.1051942,2,1,2023-03-16,2023-03-16,0.362,0.362,Kg
70396487,14.6557506,121.0299218,2,1,2023-03-16,2023-03-16,0.472,0.472,Kg
70398393,14.67993761,121.0198766,1,1,2023-03-16,2023-03-16,0.05,0.05,Kg
70405783,14.7062137,121.0732968,1,1,2023-03-16,2023-03-16,0.05,0.05,Kg
70405785,14.11570982,120.9613937,1,1,2023-03-16,2023-03-16,0.027,0.027,Kg
70419671,14.41932,121.04852,2,1,2023-03-16,2023-03-16,0.262,0.262,Kg
70422303,14.6838999,121.0678646,1,1,2023-03-16,2023-03-16,0.112,0.112,Kg
70423736,14.52257038,120.9896636,1,1,2023-03-17,2023-03-17,0.194,0.194,Kg
70423817,14.62520453,121.1246105,1,1,2023-03-17,2023-03-17,0.00019,0.00019,Kg
70430246,14.51673886,121.0195272,1,1,2023-03-16,2023-03-16,0.112,0.112,Kg
70433907,14.52199528,121.0156878,1,1,2023-03-16,2023-03-16,0.544,0.544,Kg
70464553,14.6997918,121.0666838,1,1,2023-03-16,2023-03-16,0.162,0.162,Kg
70494781,14.67246738,121.0196066,1,1,2023-03-16,2023-03-16,0.027,0.027,Kg
70494784,14.68403763,121.0775556,1,1,2023-03-16,2023-03-16,0.05,0.05,Kg
70494788,14.63880958,121.1311837,1,1,2023-03-27,2023-03-27,0.05,0.05,Kg
70523668,14.61708716,121.1354737,1,1,2023-03-17,2023-03-17,0.001,0.001,Kg
70535012,14.53524405,120.9826732,1,1,2023-03-16,2023-03-16,0.848,0.848,Kg
70574708,14.53785312,121.0013545,2,1,2023-03-16,2023-03-16,0.244,0.244,Kg
70587572,14.34230563,120.8496689,2,1,2023-03-16,2023-03-16,0.162,0.162,Kg
70490239,14.46501918,120.9723216,1,1,2023-03-16,2023-03-16,0.15,0.15,Kg
70017028,14.55164471,121.0229718,1,1,2023-05-25,2023-05-25,3.268,3.268,Kg
70017047,14.60460461,121.0432141,2,1,2023-05-26,2023-05-26,33.76,33.76,Kg
70017052,14.4642918,120.9686112,1,1,2023-05-29,2023-05-29,0.87,0.87,Kg
70017100,14.65790783,120.9510995,2,1,2023-05-25,2023-05-25,20.016,20.016,Kg
70017116,14.67744353,121.0825134,1,1,2023-05-26,2023-05-26,42.744,42.744,Kg
70017120,14.51516971,121.2390509,1,1,2023-05-25,2023-05-25,1.12,1.12,Kg
70017135,14.55821333,121.0053684,2,1,2023-05-25,2023-05-25,58.974,58.974,Kg
70017139,14.44789233,120.9854103,1,1,2023-05-25,2023-05-25,1.782,1.782,Kg
70017142,14.62924301,120.9739946,1,1,2023-05-25,2023-05-25,26.544,26.544,Kg
70017178,14.65014273,121.1167646,1,1,2023-05-25,2023-05-25,36.532,36.532,Kg
70017186,14.54014393,121.0121386,1,1,2023-05-25,2023-05-25,20.852,20.852,Kg
70017217,14.52255299,121.1542433,1,1,2023-05-25,2023-05-25,1.124,1.124,Kg
70017219,14.56675824,121.0118975,1,1,2023-05-25,2023-05-25,1.2,1.2,Kg
70017336,14.36182895,121.0568394,1,1,2023-05-26,2023-05-26,9.12,9.12,Kg
70017383,14.6495929,121.1017166,1,1,2023-05-25,2023-05-25,2.446,2.446,Kg
70017394,14.38914152,121.0448646,1,1,2023-05-29,2023-05-29,15.332,15.332,Kg
70017402,14.60505303,121.0227754,1,1,2023-05-25,2023-05-25,1.448,1.448,Kg
70017409,14.55456508,121.0474772,2,1,2023-05-25,2023-05-25,164.232,164.232,Kg
70017411,14.34603986,121.0635544,1,1,2023-05-25,2023-05-25,3.288,3.288,Kg
70017414,14.60456058,121.043217,1,1,2023-05-25,2023-05-25,10.082,10.082,Kg
70018744,14.64528551,121.0533805,4,2,2023-05-25,2023-06-08,60.451,30.2255,Kg
70018745,14.67555246,121.0436656,4,1,2023-06-08,2023-06-08,44.617,44.617,Kg
70018747,14.52308981,121.1542441,2,2,2023-05-25,2023-06-08,46.052,23.026,Kg
70018748,14.62052516,121.1014695,1,1,2023-06-01,2023-06-01,9.444,9.444,Kg
70021862,14.63304481,121.0965929,4,2,2023-06-01,2023-06-08,22.536,11.268,Kg
70021869,14.32812213,120.9333781,3,2,2023-06-01,2023-06-08,13.747,6.8735,Kg
70021870,14.62050845,121.1013582,1,1,2023-06-01,2023-06-01,2.94,2.94,Kg
70022406,14.58891995,121.042647,1,1,2023-06-01,2023-06-01,11.568,11.568,Kg
70022407,14.61825644,120.9709,6,3,2023-05-25,2023-06-08,97.08,32.36,Kg
70022408,14.50078178,120.9977171,3,2,2023-05-25,2023-06-08,112.942,56.471,Kg
70022410,14.69807138,120.9634114,8,3,2023-05-25,2023-06-08,104.868,34.956,Kg
70022412,14.4387963,121.0047564,5,2,2023-06-01,2023-06-08,45.632000000000005,22.816,Kg
70022413,14.57461617,121.0124754,6,3,2023-05-25,2023-06-08,84.077,28.025667,Kg
70022415,14.32729782,121.0868449,5,2,2023-05-25,2023-06-08,159.251,79.6255,Kg
70022417,14.55332504,121.0718965,7,3,2023-05-25,2023-06-08,149.321,49.773667,Kg
70022418,14.58826942,121.0217244,5,3,2023-05-25,2023-06-08,141.638,47.212667,Kg
70022419,14.57039069,120.9887217,3,1,2023-06-08,2023-06-08,26.017,26.017,Kg
70022420,14.3467741,121.0658884,4,2,2023-05-25,2023-06-08,30.088,15.044,Kg
70022421,14.54728988,120.9987539,4,2,2023-05-25,2023-06-08,61.5,30.75,Kg
70022423,14.61874947,121.0139713,7,3,2023-05-25,2023-06-08,228.845,76.281667,Kg
70022425,14.55514762,121.1383699,3,2,2023-06-01,2023-06-08,104.72,52.36,Kg
70022426,14.60483743,121.0226122,3,1,2023-06-08,2023-06-08,84.73,84.73,Kg
70022430,14.28264787,121.0005376,6,3,2023-05-25,2023-06-08,81.33,27.11,Kg
70022431,14.60201163,121.0105908,4,1,2023-06-08,2023-06-08,49.764,49.764,Kg
70022433,14.75598482,121.0428406,6,3,2023-05-25,2023-06-08,117.579,39.193,Kg
70022435,14.62048783,121.1012115,4,2,2023-05-25,2023-06-08,51.93000000000001,25.965,Kg
70022436,14.67773944,121.1116081,4,2,2023-06-01,2023-06-08,38.346,19.173,Kg
70022437,14.44774456,120.9540782,3,2,2023-05-25,2023-06-08,118.828,59.414,Kg
70022440,14.6061335,120.9712011,5,2,2023-06-01,2023-06-08,35.508,17.754,Kg
70022444,14.70475479,121.0801452,6,3,2023-05-25,2023-06-08,128.875,42.958333,Kg
70022445,14.62194461,121.0510181,4,2,2023-06-01,2023-06-08,43.934,21.967,Kg
70022448,14.42629289,121.0275928,1,1,2023-06-01,2023-06-01,16.464,16.464,Kg
70022450,14.68063928,121.016192,2,2,2023-06-01,2023-06-08,12.864,6.432,Kg
70022454,14.65736077,121.0046133,1,1,2023-06-08,2023-06-08,12.864,12.864,Kg
70022455,14.22854258,121.1387774,2,1,2023-06-08,2023-06-08,10.704,10.704,Kg
70022456,14.57602506,121.0856731,6,3,2023-05-25,2023-06-08,72.94800000000001,24.316,Kg
70022457,14.28915904,121.1095068,1,1,2023-06-01,2023-06-01,6.432,6.432,Kg
70022461,14.70853711,120.9934338,5,2,2023-06-01,2023-06-08,90.761,45.3805,Kg
70022472,14.58576404,120.9874974,3,2,2023-06-01,2023-06-08,346.18,173.09,Kg
70022497,14.60650966,120.9738324,3,1,2023-06-08,2023-06-08,21.444,21.444,Kg
70022521,14.52975506,121.0700367,7,3,2023-05-25,2023-06-08,145.85299999999998,48.617667,Kg
70022522,14.29335017,121.1047544,3,2,2023-06-01,2023-06-08,25.283,12.6415,Kg
70022524,14.23646403,121.1577194,3,1,2023-06-08,2023-06-08,10.968,10.968,Kg
70022536,14.72967766,121.1404891,4,1,2023-06-08,2023-06-08,81.206,81.206,Kg
70022538,14.34677074,121.0644222,3,2,2023-05-25,2023-06-08,17.877,8.9385,Kg
70022547,14.58424175,121.1241301,1,1,2023-06-08,2023-06-08,46.824,46.824,Kg
70022549,14.62073294,121.1700102,1,1,2023-06-08,2023-06-08,67.62,67.62,Kg
70022553,14.44701888,121.0291501,3,2,2023-06-01,2023-06-08,19.789,9.8945,Kg
70022555,14.65736047,121.0049138,4,2,2023-06-01,2023-06-08,36.667,18.3335,Kg
70022760,14.55397099,121.0486599,2,2,2023-05-22,2023-05-29,106.784,53.392,Kg
70022827,14.11737549,120.9613285,6,3,2023-05-25,2023-06-08,60.492,20.164,Kg
70022828,14.5800405,120.9813663,2,2,2023-06-01,2023-06-08,11.82,5.91,Kg
70022829,14.4557959,121.0104831,2,2,2023-06-01,2023-06-08,16.119999999999997,8.06,Kg
70022831,14.62581906,120.9885815,2,2,2023-06-01,2023-06-08,6.48,3.24,Kg
70022841,14.64592798,121.1128718,4,2,2023-06-01,2023-06-08,33.391,16.6955,Kg
70022842,14.48483205,121.0298209,3,2,2023-06-01,2023-06-08,14.616,7.308,Kg
70022862,14.67511653,121.0817069,3,2,2023-06-01,2023-06-08,28.405,14.2025,Kg
70022868,14.60617105,120.9714112,1,1,2023-06-08,2023-06-08,11.232,11.232,Kg
70022873,14.5886688,121.1757426,3,2,2023-06-01,2023-06-08,41.036,20.518,Kg
70022880,14.68268308,121.0791398,4,2,2023-06-01,2023-06-08,50.135,25.0675,Kg
70022882,14.43819378,121.0045003,2,1,2023-06-08,2023-06-08,8.832,8.832,Kg
70022886,14.29192798,120.9104549,2,2,2023-06-01,2023-06-08,17.244,8.622,Kg
70022890,14.64379715,121.0273104,4,2,2023-06-01,2023-06-08,33.909,16.9545,Kg
70023048,14.533578,121.040319,3,1,2023-05-30,2023-05-30,644.548,644.548,Kg
70028153,14.54685032,120.9988531,2,1,2023-06-08,2023-06-08,9.624,9.624,Kg
70028193,14.40671606,120.9761568,1,1,2023-06-01,2023-06-01,17.644,17.644,Kg
70028682,14.65066418,121.1056234,4,2,2023-06-01,2023-06-08,30.379,15.1895,Kg
70028697,14.37668578,120.9397588,7,3,2023-05-25,2023-06-08,104.982,34.994,Kg
70028745,14.69106793,120.963334,4,2,2023-06-01,2023-06-08,13.772,6.886,Kg
70028746,14.32958007,121.0763258,4,1,2023-06-08,2023-06-08,39.984,39.984,Kg
70029571,14.67867213,121.0271111,2,2,2023-06-01,2023-06-08,27.836,13.918,Kg
70029730,14.50910786,121.0667071,3,1,2023-06-08,2023-06-08,17.808,17.808,Kg
70029945,14.63744057,120.9944528,4,2,2023-06-01,2023-06-08,62.096,31.048,Kg
70030316,14.58577866,121.1149146,4,2,2023-06-01,2023-06-08,26.719,13.3595,Kg
70030330,14.53027127,121.15381,4,2,2023-06-01,2023-06-08,64.028,32.014,Kg
70030331,14.53199759,120.9968481,5,3,2023-05-25,2023-06-08,18.5,6.166667,Kg
70030332,14.70136138,121.1256345,4,2,2023-06-01,2023-06-08,20.256,10.128,Kg
70030639,14.58887714,121.0973381,3,2,2023-06-01,2023-06-08,29.918,14.959,Kg
70030740,14.4631398,120.9890733,4,2,2023-06-01,2023-06-08,32.595,16.2975,Kg
70030897,14.28197463,120.8896608,1,1,2023-06-08,2023-06-08,13.872,13.872,Kg
70030898,14.27550718,121.1242797,2,1,2023-06-08,2023-06-08,13.812,13.812,Kg
70030929,14.65356602,120.9839214,3,2,2023-06-01,2023-06-08,37.78,18.89,Kg
70030930,14.64194865,121.0314566,4,3,2023-05-25,2023-06-08,56.56,18.853333,Kg
70030932,14.63784666,120.9966284,3,3,2023-05-25,2023-06-08,30.24,10.08,Kg
70030935,14.66974158,121.1082827,5,2,2023-06-01,2023-06-08,49.713,24.8565,Kg
70030936,14.53721948,121.0675706,3,2,2023-06-01,2023-06-08,13.55,6.775,Kg
70030960,14.58760475,121.172847,2,2,2023-06-01,2023-06-08,17.304,8.652,Kg
70030961,14.56298348,121.1334381,3,2,2023-06-01,2023-06-08,52.47,26.235,Kg
70031058,14.55333505,121.0716175,3,2,2023-05-25,2023-06-01,15.717,7.8585,Kg
70031063,14.63457121,121.0353997,1,1,2023-05-25,2023-05-25,19.572,19.572,Kg
70034060,14.37705205,120.939023,3,2,2023-06-01,2023-06-08,26.599,13.2995,Kg
70034086,14.42992606,120.8831537,5,2,2023-06-01,2023-06-08,74.659,37.3295,Kg
70034090,14.75605549,121.0435449,2,1,2023-06-08,2023-06-08,6.696000000000001,6.696,Kg
70041928,14.5059931,121.0520714,1,1,2023-06-01,2023-06-01,12.34,12.34,Kg
70042728,14.49222221,121.1817587,5,2,2023-05-25,2023-06-08,135.422,67.711,Kg
70042734,14.58367577,121.124184,3,2,2023-05-25,2023-06-08,8.127,4.0635,Kg
70042736,14.4631398,120.9890733,2,1,2023-06-08,2023-06-08,20.956,20.956,Kg
70042737,14.72975001,121.1401289,3,2,2023-06-01,2023-06-08,76.546,38.273,Kg
70042738,14.56298348,121.1334381,4,3,2023-05-25,2023-06-08,33.277,11.092333,Kg
70042904,14.40559402,120.8598177,3,2,2023-06-01,2023-06-08,12.847,6.4235,Kg
70042905,14.72052925,121.0413985,11,3,2023-05-25,2023-06-08,161.992,53.997333,Kg
70042906,14.58070881,121.08312,1,1,2023-06-01,2023-06-01,14.136,14.136,Kg
70043079,14.60202307,120.9928402,3,2,2023-06-01,2023-06-08,38.19,19.095,Kg
70043887,14.64103221,121.0321449,5,2,2023-05-25,2023-06-08,73.474,36.737,Kg
70043889,14.61098684,120.9947757,2,1,2023-06-08,2023-06-08,14.448,14.448,Kg
70080447,14.60110082,120.9816939,5,3,2023-05-25,2023-06-08,18.916,6.305333,Kg
70080903,14.58891995,121.042647,3,2,2023-06-01,2023-06-08,44.22,22.11,Kg
70080977,14.28008735,121.0850903,3,2,2023-06-01,2023-06-08,18.011,9.0055,Kg
70081656,14.41091519,120.9754788,5,3,2023-05-25,2023-06-08,38.654,12.884667,Kg
70081661,14.28264788,121.0005376,4,2,2023-06-01,2023-06-08,64.055,32.0275,Kg
70082737,14.73536867,121.154004,5,2,2023-06-01,2023-06-08,34.510000000000005,17.255,Kg
70083712,14.61119727,120.9945625,1,1,2023-06-01,2023-06-01,32.82,32.82,Kg
70086566,14.63273595,121.0828695,1,1,2023-05-25,2023-05-25,0.774,0.774,Kg
70086845,14.65890923,120.9471333,5,2,2023-06-01,2023-06-08,85.52199999999999,42.761,Kg
70086847,14.31594484,121.0546954,4,2,2023-06-01,2023-06-08,52.424,26.212,Kg
70086850,14.78092846,121.0333425,5,2,2023-06-01,2023-06-08,37.262,18.631,Kg
70086852,14.37710341,120.9389283,2,1,2023-06-08,2023-06-08,15.78,15.78,Kg
70086854,14.42202961,120.9419588,1,1,2023-06-01,2023-06-01,6.432,6.432,Kg
70089531,14.32705748,120.9402793,4,2,2023-05-25,2023-06-08,35.098,17.549,Kg
70129182,14.28049824,120.8685959,1,1,2023-05-26,2023-05-26,0.374,0.374,Kg
70129362,14.75596234,121.0427103,6,2,2023-06-01,2023-06-08,99.583,49.7915,Kg
70131336,14.64548794,121.0528038,1,1,2023-05-26,2023-05-26,1.47,1.47,Kg
70131805,14.59947543,120.9813255,4,2,2023-06-01,2023-06-08,33.372,16.686,Kg
70131806,14.71746892,120.9572146,2,1,2023-06-08,2023-06-08,16.5,16.5,Kg
70131807,14.64119057,121.1219925,3,2,2023-06-01,2023-06-08,17.208,8.604,Kg
70133694,14.65346802,120.9839182,5,3,2023-05-25,2023-06-08,106.08,35.36,Kg
70133695,14.57625194,121.0802197,4,2,2023-06-01,2023-06-08,42.308,21.154,Kg
70133696,14.42217086,120.9403768,2,2,2023-06-01,2023-06-08,72.792,36.396,Kg
70139094,14.6230347,120.9828825,2,1,2023-06-08,2023-06-08,8.844,8.844,Kg
70154587,14.62257547,120.9723881,3,2,2023-05-25,2023-06-08,28.49,14.245,Kg
70154681,14.63348535,121.1091298,3,2,2023-06-01,2023-06-08,31.088,15.544,Kg
70155261,14.40588432,120.9255291,3,2,2023-06-01,2023-06-08,44.8,22.4,Kg
70224325,14.42757651,120.8944258,3,1,2023-06-08,2023-06-08,31.648000000000003,31.648,Kg
70239137,14.54672768,121.0826188,2,1,2023-06-08,2023-06-08,12.948,12.948,Kg
70241741,14.58245902,121.0540291,1,1,2023-05-29,2023-05-29,145.152,145.152,Kg
70245227,14.40057504,120.9596475,4,2,2023-06-01,2023-06-08,74.455,37.2275,Kg
70247787,14.72869665,121.1440361,1,1,2023-05-25,2023-05-25,0.998,0.998,Kg
70247789,14.49994595,121.0385048,1,1,2023-05-29,2023-05-29,34.676,34.676,Kg
70248108,14.55570864,121.0347817,1,1,2023-05-25,2023-05-25,1.014,1.014,Kg
70249072,14.47470242,120.9817314,2,1,2023-05-26,2023-05-26,13.404,13.404,Kg
70286711,14.64801621,121.1162851,4,2,2023-06-01,2023-06-08,60.984,30.492,Kg
70286739,14.68063091,121.0162941,3,2,2023-06-01,2023-06-08,26.464,13.232,Kg
70286995,14.54349879,121.1269847,4,2,2023-06-01,2023-06-08,21.74,10.87,Kg
70288708,14.6052432,120.9811751,2,1,2023-06-08,2023-06-08,4.332,4.332,Kg
70288822,14.59723148,121.0180943,3,1,2023-06-08,2023-06-08,27.764,27.764,Kg
70289045,14.46967135,121.0214472,2,2,2023-06-01,2023-06-08,6.645,3.3225,Kg
70290205,14.64839942,121.1148806,1,1,2023-05-29,2023-05-29,22.596,22.596,Kg
70291181,14.58501506,121.1776015,4,2,2023-05-25,2023-06-08,30.342,15.171,Kg
70291214,14.31729449,121.1063327,5,2,2023-06-01,2023-06-08,41.484,20.742,Kg
70291217,14.51951892,121.1574466,6,2,2023-05-25,2023-06-08,66.24,33.12,Kg
70338091,14.39855257,121.0459955,4,2,2023-06-01,2023-06-08,61.14,30.57,Kg
70338093,14.31190476,120.9157812,3,2,2023-06-01,2023-06-08,54.188,27.094,Kg
70341155,14.32006169,120.9850233,3,2,2023-06-01,2023-06-08,76.468,38.234,Kg
70347015,14.49686315,121.0134803,3,2,2023-06-01,2023-06-08,27.936,13.968,Kg
70362498,14.53180257,120.9893195,2,1,2023-05-25,2023-05-25,13.628,13.628,Kg
70395787,14.32052478,120.7677044,1,1,2023-06-01,2023-06-01,9.414,9.414,Kg
70407221,14.64144055,120.9812578,3,1,2023-06-08,2023-06-08,10.285,10.285,Kg
70416055,14.65730421,120.9618591,6,2,2023-05-25,2023-06-08,42.948,21.474,Kg
70416056,14.37187767,120.9804427,3,1,2023-06-08,2023-06-08,58.528000000000006,58.528,Kg
70426361,14.4284949,121.0027031,2,2,2023-06-01,2023-06-08,25.2,12.6,Kg
70426362,14.36804884,121.0503694,4,2,2023-06-01,2023-06-08,52.236,26.118,Kg
70429883,14.60508777,121.0342602,1,1,2023-05-26,2023-05-26,31.272,31.272,Kg
70432391,14.75604366,121.0434138,2,1,2023-06-08,2023-06-08,37.688,37.688,Kg
70432393,14.29226066,121.1025608,7,2,2023-05-25,2023-06-08,51.064,25.532,Kg
70450988,14.40099838,120.9401562,3,1,2023-05-25,2023-05-25,341.581,341.581,Kg
70452456,14.42992606,120.8831537,2,1,2023-06-01,2023-06-01,33.384,33.384,Kg
70452776,14.54060322,121.0186705,1,1,2023-06-08,2023-06-08,0.264,0.264,Kg
70476280,14.74617441,121.1376996,5,2,2023-06-01,2023-06-08,16.069,8.0345,Kg
70510499,14.75594196,121.0423815,1,1,2023-06-01,2023-06-01,2.964,2.964,Kg
70511872,14.47606588,121.0260368,1,1,2023-06-08,2023-06-08,8.568,8.568,Kg
70532300,14.6402839,121.0744741,1,1,2023-05-25,2023-05-25,40.724,40.724,Kg
70539200,14.73030141,121.1374312,3,1,2023-06-08,2023-06-08,60.596,60.596,Kg
70539217,14.77272316,121.0547741,2,1,2023-06-08,2023-06-08,34.26,34.26,Kg
70541101,14.558574,121.2099916,4,1,2023-06-08,2023-06-08,38.455,38.455,Kg
70546674,14.71490353,121.0403658,1,1,2023-06-01,2023-06-01,6.432,6.432,Kg
70570536,14.34015326,121.0838211,2,1,2023-06-08,2023-06-08,21.384,21.384,Kg
70579636,14.65332723,120.9846357,2,1,2023-06-08,2023-06-08,5.4,5.4,Kg
70588302,14.4651128,120.9725746,1,1,2023-06-01,2023-06-01,3.744,3.744,Kg
106145,14.4259328,121.026074,2,1,2023-05-16,2023-05-16,102.54,102.54,Kg
70017011,14.5765022,121.085296,6,1,2023-05-17,2023-05-17,322.068,322.068,Kg
70017030,14.65087107,121.1046172,1,1,2023-05-18,2023-05-18,0.588,0.588,Kg
70017039,14.59248731,121.0263236,1,1,2023-05-18,2023-05-18,31.364,31.364,Kg
70017068,14.61646338,121.0003123,1,1,2023-05-18,2023-05-18,3.6,3.6,Kg
70017084,14.62399369,121.0553598,1,1,2023-05-17,2023-05-17,1.384,1.384,Kg
70017089,14.70644244,121.0692568,1,1,2023-05-17,2023-05-17,11.37,11.37,Kg
70017102,14.58444262,121.1757258,1,1,2023-05-17,2023-05-17,15.476,15.476,Kg
70017116,14.67744353,121.0825134,1,1,2023-05-17,2023-05-17,3.92,3.92,Kg
70017124,14.70719287,120.9463142,1,1,2023-05-16,2023-05-16,11.7,11.7,Kg
70017127,14.46564966,121.0177827,1,1,2023-05-17,2023-05-17,10.976,10.976,Kg
70017131,14.58262771,121.0547967,1,1,2023-05-17,2023-05-17,10.566,10.566,Kg
70017148,14.61491856,121.0617636,1,1,2023-05-17,2023-05-17,0.248,0.248,Kg
70017168,14.5484264,121.0637142,1,1,2023-05-18,2023-05-18,1.88,1.88,Kg
70017177,14.60082726,120.9759003,1,1,2023-05-17,2023-05-17,0.124,0.124,Kg
70017185,14.7287482,121.1440489,1,1,2023-05-17,2023-05-17,12.6,12.6,Kg
70017194,14.62745309,121.0345231,1,1,2023-05-17,2023-05-17,8.132,8.132,Kg
70017203,14.57377505,121.0161974,1,1,2023-05-17,2023-05-17,0.422,0.422,Kg
70017222,14.56560657,121.0358869,1,1,2023-05-17,2023-05-17,3.03,3.03,Kg
70017245,14.75602344,121.0431592,1,1,2023-05-17,2023-05-17,18.328,18.328,Kg
70017248,14.62102266,121.1684666,1,1,2023-05-18,2023-05-18,0.35,0.35,Kg
70017263,14.58775938,121.1753616,1,1,2023-05-17,2023-05-17,19.132,19.132,Kg
70017289,14.06960255,121.3246927,1,1,2023-05-17,2023-05-17,0.518,0.518,Kg
70017292,14.39828524,120.976643,1,1,2023-05-18,2023-05-18,16.264,16.264,Kg
70017302,14.33971577,121.0838944,1,1,2023-04-26,2023-04-26,23.4,23.4,Kg
70017321,14.48663847,121.0273433,1,1,2023-05-17,2023-05-17,2.838,2.838,Kg
70017337,14.58908242,121.0690202,1,1,2023-05-17,2023-05-17,2.592,2.592,Kg
70017339,14.63593241,121.1012584,1,1,2023-05-18,2023-05-18,1.198,1.198,Kg
70017364,14.66977558,120.9705261,1,1,2023-05-18,2023-05-18,25.092,25.092,Kg
70017371,14.57842488,120.9870255,2,1,2023-05-18,2023-05-18,8.67,8.67,Kg
70017396,14.46192007,120.9918937,1,1,2023-05-18,2023-05-18,0.98,0.98,Kg
70017409,14.55456508,121.0474772,1,1,2023-05-15,2023-05-15,141.268,141.268,Kg
70022018,14.59149221,121.0602718,17,2,2023-05-16,2023-05-23,286.062,143.031,Kg
70022020,14.60931631,120.9720824,11,2,2023-05-16,2023-05-23,100.29,50.145,Kg
70022024,14.31956284,121.0975249,9,2,2023-05-16,2023-05-23,72.837,36.4185,Kg
70022025,14.67060211,121.0380785,8,2,2023-05-16,2023-05-23,78.106,39.053,Kg
70022027,14.65740175,120.9607857,9,2,2023-05-16,2023-05-23,105.033,52.5165,Kg
70022033,14.67546473,121.0453383,9,2,2023-05-16,2023-05-23,103.798,51.899,Kg
70022034,14.63512491,121.1022184,8,2,2023-05-16,2023-05-23,206.826,103.413,Kg
70022035,14.57620862,120.9827027,30,2,2023-05-16,2023-05-23,535.121,267.5605,Kg
70022037,14.73577621,121.0570108,11,2,2023-05-16,2023-05-23,355.206,177.603,Kg
70022038,14.62017168,121.0998751,13,2,2023-05-16,2023-05-23,253.666,126.833,Kg
70022040,14.29966657,120.9547268,11,2,2023-05-16,2023-05-23,327.502,163.751,Kg
70022041,14.31927371,121.0976239,8,2,2023-05-16,2023-05-23,190.219,95.1095,Kg
70022043,14.586767,121.1135257,9,2,2023-05-16,2023-05-23,226.108,113.054,Kg
70022045,14.6365202,121.0281086,7,2,2023-05-16,2023-05-23,93.864,46.932,Kg
70022046,14.50041128,121.0382561,13,2,2023-05-16,2023-05-23,245.494,122.747,Kg
70022047,14.6557083,120.9836967,8,2,2023-05-16,2023-05-23,123.292,61.646,Kg
70022050,14.30070586,120.9542531,14,2,2023-05-16,2023-05-23,258.095,129.0475,Kg
70022052,14.44624737,121.027458,10,2,2023-05-16,2023-05-23,151.022,75.511,Kg
70022053,14.73007715,121.1386981,14,2,2023-05-16,2023-05-23,345.116,172.558,Kg
70022054,14.34640931,121.0638508,14,2,2023-05-16,2023-05-23,268.353,134.1765,Kg
70022056,14.57954001,121.0458552,10,2,2023-05-16,2023-05-23,285.281,142.6405,Kg
70022064,14.23762644,121.0556396,13,2,2023-05-16,2023-05-23,258.69,129.345,Kg
70022065,14.58989849,121.0944946,11,2,2023-05-16,2023-05-23,399.884,199.942,Kg
70022066,14.64565313,121.0965151,3,2,2023-05-16,2023-05-23,52.58,26.29,Kg
70022072,14.41899236,121.0411032,10,2,2023-05-16,2023-05-23,63.133,31.5665,Kg
70022073,14.56675092,121.0130763,8,2,2023-05-16,2023-05-23,43.688,21.844,Kg
70022076,14.62015666,121.0545761,6,2,2023-05-16,2023-05-23,46.124,23.062,Kg
70022079,14.62037472,121.0508515,4,2,2023-05-16,2023-05-23,11.756,5.878,Kg
70022083,14.42268788,121.0302313,4,1,2023-05-23,2023-05-23,6.932,6.932,Kg
70022088,14.551207,121.0268341,7,2,2023-05-16,2023-05-23,54.696,27.348,Kg
70022089,14.56282596,121.0249119,8,2,2023-05-16,2023-05-23,77.744,38.872,Kg
70022090,14.58214225,121.054663,8,2,2023-05-16,2023-05-23,42.934,21.467,Kg
70022091,14.65281093,121.0744706,6,2,2023-05-16,2023-05-23,13.722,6.861,Kg
70022094,14.53652187,121.0188521,2,1,2023-05-23,2023-05-23,6.220000000000001,6.22,Kg
70022095,14.55321025,121.0193998,4,1,2023-05-23,2023-05-23,13.528,13.528,Kg
70022100,14.60006959,121.0694355,2,1,2023-05-23,2023-05-23,6.246,6.246,Kg
70022101,14.46231608,121.0248671,8,2,2023-05-16,2023-05-23,69.078,34.539,Kg
70022102,14.63596971,121.0352087,3,1,2023-05-23,2023-05-23,9.8,9.8,Kg
70022103,14.58121291,121.1757787,8,2,2023-05-16,2023-05-23,44.922,22.461,Kg
70022105,14.54727193,121.0355002,2,1,2023-05-23,2023-05-23,1.262,1.262,Kg
70022293,14.42111777,121.0364668,2,1,2023-05-22,2023-05-22,258.616,258.616,Kg
70022295,14.61690213,121.0924549,1,1,2023-05-22,2023-05-22,53.668,53.668,Kg
70022298,14.61690213,121.0924549,5,1,2023-05-18,2023-05-18,506.1049,506.1049,Kg
70022351,14.6274024,121.0662405,1,1,2023-05-22,2023-05-22,125.856,125.856,Kg
70022617,14.57345011,121.0577575,1,1,2023-05-19,2023-05-19,53.76,53.76,Kg
70022681,14.54964047,121.0549228,3,1,2023-05-22,2023-05-22,62.52,62.52,Kg
70023045,14.6348989,121.053535,1,1,2023-05-22,2023-05-22,168.024,168.024,Kg
70023050,14.59533533,121.0019371,2,1,2023-05-18,2023-05-18,107.99,107.99,Kg
70028054,14.66051542,121.0446219,1,1,2023-05-17,2023-05-17,3.316,3.316,Kg
70028170,14.56717644,121.0935938,12,2,2023-05-16,2023-05-23,802.926,401.463,Kg
70028192,14.42467537,121.0308123,1,1,2023-05-22,2023-05-22,8.352,8.352,Kg
70028216,14.61329592,121.0380611,20,2,2023-05-16,2023-05-23,398.03373,199.016865,Kg
70028699,14.61011423,121.0807087,17,2,2023-05-16,2023-05-23,237.406,118.703,Kg
70028821,14.21258646,120.9687734,8,2,2023-05-16,2023-05-23,212.47,106.235,Kg
70029281,14.60672037,121.0027791,5,2,2023-05-16,2023-05-23,19.376,9.688,Kg
70029944,14.6753871,121.0452308,5,2,2023-05-16,2023-05-23,96.056,48.028,Kg
70033212,14.60410927,121.1053641,11,2,2023-05-16,2023-05-23,142.774,71.387,Kg
70033237,14.59757949,121.0376684,1,1,2023-05-23,2023-05-23,1.704,1.704,Kg
70033756,14.63832128,121.0005394,8,2,2023-05-16,2023-05-23,146.36,73.18,Kg
70034345,14.25086827,121.0645332,7,2,2023-05-16,2023-05-23,31.454,15.727,Kg
70042181,14.5622156,121.0163027,4,2,2023-05-16,2023-05-23,11.368,5.684,Kg
70042234,14.24241765,121.1306169,12,2,2023-05-16,2023-05-23,240.448,120.224,Kg
70042506,14.3762314,120.9387059,7,2,2023-05-16,2023-05-23,22.196,11.098,Kg
70043047,14.49858858,121.0485328,1,1,2023-05-16,2023-05-16,0.568,0.568,Kg
70043214,14.66881038,120.9654771,14,2,2023-05-16,2023-05-23,256.966,128.483,Kg
70043285,14.54752546,121.0348389,5,2,2023-05-16,2023-05-23,8.58,4.29,Kg
70044218,14.68676838,120.9956699,11,2,2023-05-16,2023-05-23,223.692,111.846,Kg
70080274,14.27625533,121.0829533,1,1,2023-05-18,2023-05-18,6.42,6.42,Kg
70080897,14.61771834,121.0564955,4,2,2023-05-16,2023-05-23,49.284,24.642,Kg
70081744,14.54077245,120.9896223,6,2,2023-05-16,2023-05-23,94.222,47.111,Kg
70082068,14.53254428,121.0508352,2,2,2023-05-15,2023-05-16,7.826,3.913,Kg
70082205,14.52419775,121.0137289,3,1,2023-05-22,2023-05-22,28.224,28.224,Kg
70083627,14.44209754,120.9976047,13,2,2023-05-16,2023-05-23,211.083,105.5415,Kg
70083918,14.55228655,121.0489848,3,1,2023-05-23,2023-05-23,19.742,19.742,Kg
70084113,14.37126596,120.9387961,8,1,2023-05-23,2023-05-23,321.572,321.572,Kg
70084115,14.23403358,121.1074794,1,1,2023-05-16,2023-05-16,14.208,14.208,Kg
70084967,14.73428978,121.0674211,1,1,2023-05-16,2023-05-16,3.552,3.552,Kg
70084980,14.43745378,121.0053221,1,1,2023-05-16,2023-05-16,6.912,6.912,Kg
70085373,14.5894777,121.0368775,3,1,2023-05-22,2023-05-22,9.684,9.684,Kg
70085997,14.41288654,120.940825,5,1,2023-05-23,2023-05-23,132.478,132.478,Kg
70086617,14.6241289,121.1199861,1,1,2023-05-23,2023-05-23,0.918,0.918,Kg
70087916,14.61448376,120.983582,1,1,2023-05-18,2023-05-18,0.882,0.882,Kg
70089530,14.68485444,121.0771388,11,2,2023-05-16,2023-05-23,163.983,81.9915,Kg
70089700,14.67659274,121.0820679,10,2,2023-05-16,2023-05-23,36.07,18.035,Kg
70089704,14.34792154,121.0652736,6,2,2023-05-15,2023-05-23,23.26,11.63,Kg
70089852,14.44582951,121.0273518,2,1,2023-05-16,2023-05-16,7.16,7.16,Kg
70091848,14.5764481,121.0630026,1,1,2023-05-18,2023-05-18,16.272,16.272,Kg
70091857,14.44189908,120.9978505,1,1,2023-05-16,2023-05-16,0.948,0.948,Kg
70126471,14.57824217,121.1864365,4,2,2023-05-16,2023-05-23,17.712,8.856,Kg
70127101,14.75686218,121.0536309,1,1,2023-05-17,2023-05-17,9.256,9.256,Kg
70127620,14.63105884,120.9980679,1,1,2023-05-16,2023-05-16,2.32,2.32,Kg
70129224,14.42897057,120.9643837,3,1,2023-05-16,2023-05-16,10.712,10.712,Kg
70130334,14.55570575,121.0542744,10,3,2023-05-16,2023-05-23,68.492,22.830667,Kg
70131370,14.58693686,121.0800575,2,2,2023-05-16,2023-05-22,7.875999999999999,3.938,Kg
70133191,14.69590439,121.0675985,18,2,2023-05-16,2023-05-23,437.868,218.934,Kg
70133698,14.3958543,120.8646265,13,2,2023-05-16,2023-05-23,269.364,134.682,Kg
70133943,14.60543488,121.092117,2,1,2023-05-23,2023-05-23,7.808,7.808,Kg
70135136,14.69652034,121.12025,4,1,2023-05-23,2023-05-23,13.368,13.368,Kg
70135137,14.56050046,121.0839042,3,1,2023-05-23,2023-05-23,15.752,15.752,Kg
70138300,14.63633223,121.073492,3,1,2023-05-16,2023-05-16,11.432,11.432,Kg
70152178,14.5806365,121.0637841,1,1,2023-05-16,2023-05-16,4.272,4.272,Kg
70154406,14.662849,121.0433089,1,1,2023-05-16,2023-05-16,2.192,2.192,Kg
70155831,14.6218008,121.0538362,3,1,2023-05-16,2023-05-16,14.072,14.072,Kg
70155899,14.41183851,121.0460726,8,2,2023-05-16,2023-05-23,26.605,13.3025,Kg
70156300,14.70504927,121.0822921,10,2,2023-05-16,2023-05-23,73.571,36.7855,Kg
70156695,14.68386159,121.1051902,2,2,2023-05-16,2023-05-23,4.0280000000000005,2.014,Kg
70241307,14.56468184,121.0758606,4,1,2023-05-16,2023-05-16,30.032,30.032,Kg
70242864,14.61831048,121.0077278,3,2,2023-05-16,2023-05-23,12.72,6.36,Kg
70243242,14.60106946,121.0537673,2,2,2023-05-16,2023-05-23,0.052,0.026,Kg
70244502,14.54157801,121.01839,4,2,2023-05-16,2023-05-23,22.964,11.482,Kg
70244504,14.42857608,120.96443,8,2,2023-05-16,2023-05-23,228.172,114.086,Kg
70245228,14.11613998,120.961703,1,1,2023-05-22,2023-05-22,8.976,8.976,Kg
70248164,14.37547866,121.0118728,1,1,2023-05-18,2023-05-18,3.252,3.252,Kg
70249050,14.6401853,121.0230694,1,1,2023-05-17,2023-05-17,2.084,2.084,Kg
70277887,14.33218192,121.0496237,11,2,2023-05-16,2023-05-23,372.121,186.0605,Kg
70277975,14.6386655,121.0309716,3,1,2023-05-16,2023-05-16,15.464,15.464,Kg
70277977,14.60997776,121.078195,2,1,2023-05-16,2023-05-16,10.56,10.56,Kg
70278544,14.58173951,121.0125586,1,1,2023-05-18,2023-05-18,16.48,16.48,Kg
70278581,14.61695579,120.9705103,1,1,2023-05-17,2023-05-17,3.768,3.768,Kg
70282807,14.65485028,121.0015592,11,2,2023-05-16,2023-05-23,168.64033,84.320165,Kg
70283687,14.17850398,121.2421684,1,1,2023-05-17,2023-05-17,28.88,28.88,Kg
70284243,14.64331356,121.0168426,1,1,2023-05-16,2023-05-16,0.072,0.072,Kg
70287030,14.63685354,121.0615563,2,2,2023-05-16,2023-05-23,8.864,4.432,Kg
70288086,14.48021921,120.8988292,1,1,2023-05-17,2023-05-17,3.6,3.6,Kg
70289541,14.5821732,121.054616,4,1,2023-05-23,2023-05-23,9.464,9.464,Kg
70290163,14.56281865,121.0250161,1,1,2023-05-16,2023-05-16,4.272,4.272,Kg
70337458,14.39800083,120.9051463,7,2,2023-05-16,2023-05-23,64.202,32.101,Kg
70352881,14.5728895,121.0178039,8,3,2023-05-16,2023-05-23,45.558,15.186,Kg
70354596,14.60505303,121.0227754,1,1,2023-05-18,2023-05-18,23.244,23.244,Kg
70360301,14.61908661,121.0932974,2,1,2023-05-22,2023-05-22,15.192,15.192,Kg
70360769,14.75789718,121.045307,2,1,2023-05-16,2023-05-16,7.16,7.16,Kg
70374294,14.53596221,120.9881999,6,2,2023-05-16,2023-05-23,22.98,11.49,Kg
70386367,14.62894028,121.1233611,3,1,2023-05-16,2023-05-16,15.248,15.248,Kg
70397353,14.54825605,121.0032787,1,1,2023-05-23,2023-05-23,0.144,0.144,Kg
70400118,14.40699245,120.955763,1,1,2023-05-17,2023-05-17,0.438,0.438,Kg
70402213,14.44725247,121.0455116,4,2,2023-05-16,2023-05-23,10.492,5.246,Kg
70403645,14.3999608,120.8569322,2,1,2023-05-16,2023-05-16,7.16,7.16,Kg
70409000,14.35232201,121.0628757,7,3,2023-05-16,2023-05-23,251.852,83.950667,Kg
70414082,14.66465844,121.0826753,6,2,2023-05-16,2023-05-23,60.918000000000006,30.459,Kg
70417236,14.57595453,121.0409086,2,1,2023-05-17,2023-05-17,4.5920000000000005,4.592,Kg
70422309,14.72311017,121.0414843,1,1,2023-05-16,2023-05-16,2.192,2.192,Kg
70423025,14.74756328,120.996007,8,2,2023-05-16,2023-05-23,226.162,113.081,Kg
70423076,14.768795,121.0807352,6,2,2023-05-16,2023-05-23,83.02,41.51,Kg
70425550,14.6535015,121.1031305,5,2,2023-05-16,2023-05-23,25.156,12.578,Kg
70429235,14.5588256,121.009512,2,2,2023-05-16,2023-05-23,7.2,3.6,Kg
70432230,14.3771615,120.9391884,1,1,2023-04-26,2023-04-26,18.704,18.704,Kg
70433232,14.62194799,121.0521804,7,2,2023-05-16,2023-05-23,27.922600000000003,13.9613,Kg
70434104,14.58116485,121.0292151,5,2,2023-05-16,2023-05-23,29.944000000000003,14.972,Kg
70434105,14.57581728,121.1209124,2,1,2023-05-16,2023-05-16,6.464,6.464,Kg
70434106,14.40658343,120.9570537,3,1,2023-05-16,2023-05-16,15.968,15.968,Kg
70434107,14.43454477,121.0422505,3,2,2023-05-16,2023-05-23,12.416,6.208,Kg
70434108,14.34332636,121.0385747,3,2,2023-05-16,2023-05-23,12.92,6.46,Kg
70434109,14.64985,121.1169922,1,1,2023-05-23,2023-05-23,6.036,6.036,Kg
70434135,14.30769995,121.0829329,1,1,2023-05-22,2023-05-22,3.022,3.022,Kg
70464728,14.56827181,121.0858796,4,2,2023-05-16,2023-05-23,16.4,8.2,Kg
70464729,14.57223517,121.0829667,3,1,2023-05-16,2023-05-16,18.608,18.608,Kg
70464730,14.42533174,121.0013904,2,1,2023-05-16,2023-05-16,11.664,11.664,Kg
70466505,14.70595446,121.0693634,3,2,2023-05-16,2023-05-23,22.856,11.428,Kg
70466527,14.77336285,121.0541297,4,1,2023-05-16,2023-05-16,17.408,17.408,Kg
70466528,14.77330086,121.0508158,3,2,2023-05-16,2023-05-23,16.048,8.024,Kg
70476441,14.53378874,121.048949,2,1,2023-05-23,2023-05-23,1.776,1.776,Kg
70476443,14.73556175,121.0680122,2,2,2023-05-16,2023-05-23,10.064,5.032,Kg
70482684,14.40096984,120.9041352,2,2,2023-05-16,2023-05-23,13.616,6.808,Kg
70482685,14.53786337,121.0007975,3,2,2023-05-16,2023-05-23,23.06,11.53,Kg
70486378,14.52299723,121.2623366,1,1,2023-05-16,2023-05-16,2.192,2.192,Kg
70493562,14.65087107,121.1046172,1,1,2023-05-18,2023-05-18,12.632,12.632,Kg
70522020,14.38840198,120.9775643,1,1,2023-05-18,2023-05-18,0.594,0.594,Kg
70532300,14.6402839,121.0744741,1,1,2023-05-18,2023-05-18,5.514,5.514,Kg
70534327,14.69984583,121.0661296,2,2,2023-05-16,2023-05-23,3.696,1.848,Kg
70534450,14.48705669,121.0277067,2,1,2023-05-16,2023-05-16,29.84,29.84,Kg
70537692,14.5048485,121.1690264,3,2,2023-05-16,2023-05-23,15.72,7.86,Kg
70538015,14.43168393,120.9899312,3,2,2023-05-16,2023-05-23,8.591999999999999,4.296,Kg
70538598,14.68737288,120.9839675,1,1,2023-05-23,2023-05-23,6.036,6.036,Kg
70538599,14.69245645,120.9699086,1,1,2023-05-16,2023-05-16,3.552,3.552,Kg
70538713,14.32155446,120.7720985,1,1,2023-05-16,2023-05-16,2.192,2.192,Kg
70538780,14.4035988,120.9258788,6,2,2023-05-16,2023-05-23,123.24,61.62,Kg
70540771,14.75789718,121.045307,3,1,2023-05-16,2023-05-16,10.712,10.712,Kg
70541283,14.6103558,121.0307369,3,2,2023-05-16,2023-05-23,13.748,6.874,Kg
70549572,14.55282143,121.0974699,1,1,2023-05-16,2023-05-16,2.192,2.192,Kg
70553966,14.48275394,121.0359616,2,1,2023-05-18,2023-05-18,31.44,31.44,Kg
70554155,14.66975945,121.0531057,5,2,2023-05-16,2023-05-23,12.2,6.1,Kg
70554156,14.5430593,121.064949,1,1,2023-05-16,2023-05-16,6.912,6.912,Kg
70566041,14.55796783,121.0252162,2,2,2023-05-16,2023-05-23,7.804,3.902,Kg
70566653,14.69433093,121.0432508,1,1,2023-05-16,2023-05-16,3.872,3.872,Kg
70566654,14.61509795,121.0470414,3,1,2023-05-16,2023-05-16,14.072,14.072,Kg
70566655,14.21373338,120.9680627,2,1,2023-05-16,2023-05-16,8.864,8.864,Kg
70571502,14.32379709,121.088196,2,1,2023-05-16,2023-05-16,4.128,4.128,Kg
70575485,14.66590191,120.9447053,3,1,2023-05-16,2023-05-16,11.04,11.04,Kg
70578874,14.7562074,121.0438902,4,2,2023-05-16,2023-05-23,40.168,20.084,Kg
70579668,14.71981807,121.1390478,1,1,2023-05-16,2023-05-16,2.192,2.192,Kg
70584496,14.61440196,121.0374669,3,2,2023-05-16,2023-05-23,9.48,4.74,Kg
70586841,14.67274813,121.0612642,4,2,2023-05-16,2023-05-23,13.4,6.7,Kg
